file_name,stomate_rep,stomate_length_um,notes
BHE_1_ab_1,1,21.833,
,2,22.982,
,3,26.687,
,4,20.795,
,5,22.629,
,6,18.868,
,7,22.597,
,8,23.48,
,9,22.734,
,10,18.468,
BHE_1_ad_1,1,24.72,
,2,23.01,
,3,23.428,
,4,26.609,
,5,20.282,
,6,20.52,
,7,19.181,
,8,21.49,
,9,19.972,
,10,20.279,
BHE_10_ab_1,1,25.187,
,2,25.236,
,3,24.09,
,4,24.951,
,5,26.778,
,6,25.864,
,7,23.369,
,8,22.562,
,9,25.103,
,10,23.321,
BHE_10_ad_1,1,21.335,
,2,22.301,
,3,26.306,
,4,23.096,
,5,22.314,
,6,22.629,
,7,22.065,
,8,24.806,
,9,22.574,
,10,23.937,
BHE_11_ab_1,1,22.901,
,2,23.211,
,3,23.734,
,4,22.636,
,5,22.64,
,6,25.915,
,7,19.071,
,8,19.87,
,9,24.662,
,10,22.484,
BHE_11_ad_1,1,23.021,
,2,20.072,
,3,18.231,
,4,22.396,
,5,21.095,
,6,22.749,
,7,17.939,
,8,18.758,
,9,22.286,
,10,18.381,
BHE_12_ab_1,1,26.412,
,2,25.496,
,3,23.174,
,4,25.258,
,5,22.521,
,6,23.172,
,7,22.334,
,8,25.241,
,9,26.639,
,10,22.062,
BHE_12_ad_1,1,21.675,
,2,19.16,
,3,21.261,
,4,19.108,
,5,22.481,
,6,21.487,
,7,21.692,
,8,20.913,
,9,20.745,
,10,22.633,
BHE_13_ab_1,1,21.781,
,2,25.556,
,3,24.635,
,4,25.07,
,5,24.011,
,6,22.8,
,7,22.521,
,8,25.813,
,9,23.419,
,10,20.324,
BHE_13_ad_1,1,22.726,
,2,25.166,
,3,22.897,
,4,25.503,
,5,23.009,
,6,19.176,
,7,23.926,
,8,22.69,
,9,21.204,
,10,21.873,
BHE_14_ab_1,1,22.685,
,2,23.374,
,3,23.996,
,4,21.989,
,5,23.091,
,6,22.557,
,7,22.365,
,8,23.633,
,9,19.054,
,10,24.179,
BHE_14_ad_1,1,18.804,
,2,24.911,
,3,22.056,
,4,20.972,
,5,22.91,
,6,22.15,
,7,21.576,
,8,21.653,
,9,21.342,
,10,21.568,
BHE_15_ab_1,1,23.542,
,2,20.938,
,3,22.656,
,4,25.789,
,5,22.404,
,6,23.966,
,7,23.125,
,8,18.159,
,9,22.581,
,10,24.52,
BHE_15_ad_1,1,23.958,
,2,22.992,
,3,24.091,
,4,22.78,
,5,25.016,
,6,21.052,
,7,24.24,
,8,22.297,
,9,24.103,
,10,25.106,
BHE_2_ab_1,1,25.525,
,2,24.609,
,3,27.03,
,4,26.627,
,5,23.927,
,6,28.743,
,7,23.565,
,8,23.537,
,9,26.784,
,10,22.498,
BHE_2_ad_1,1,23.046,
,2,25.267,
,3,24.96,
,4,23.688,
,5,23.734,
,6,24.936,
,7,22.181,
,8,23.697,
,9,20.632,
,10,25.428,
BHE_3_ab_1,1,24.11,
,2,25.812,
,3,23.243,
,4,23.081,
,5,23.43,
,6,21.544,
,7,25.193,
,8,24.196,
,9,20.785,
,10,24.296,
BHE_3_ad_1,1,23.304,
,2,24.183,
,3,25.764,
,4,27.703,
,5,22.406,
,6,18.856,
,7,24.753,
,8,24.329,
,9,24.865,
,10,21.113,
BHE_4_ab_1,1,25.211,
,2,25.129,
,3,26.946,
,4,24.991,
,5,25.85,
,6,23.219,
,7,22.106,
,8,25.846,
,9,23.284,
,10,25.871,
BHE_4_ad_1,1,22.4,
,2,25.948,
,3,28.106,
,4,26.161,
,5,20.456,
,6,23.421,
,7,21.109,
,8,24.491,
,9,25.579,
,10,23.526,
BHE_5_ab_1,1,24.339,
,2,18.621,
,3,18.002,
,4,21.155,
,5,18.822,
,6,24.972,
,7,22.361,
,8,22.972,
,9,17.929,
,10,22.442,
BHE_5_ad_1,1,24.254,
,2,21.904,
,3,19.414,
,4,23.251,
,5,22.631,
,6,20.1,
,7,21.052,
,8,20.054,
,9,23.3,
,10,19.556,
BHE_6_ab_1,1,27.441,
,2,25.246,
,3,24.445,
,4,20.155,
,5,25.173,
,6,24.51,
,7,24.095,
,8,22.176,
,9,23.266,
,10,24.634,
BHE_6_ad_1,1,22.123,
,2,25.742,
,3,22.734,
,4,24.009,
,5,23.585,
,6,25.671,
,7,24.684,
,8,20.535,
,9,22.322,
,10,27.412,
BHE_7_ab_1,1,30.366,
,2,24.423,
,3,26.293,
,4,21.695,
,5,24.816,
,6,24.943,
,7,26.727,
,8,24.535,
,9,27.391,
,10,27.415,
BHE_7_ad_1,1,21.77,
,2,22.777,
,3,18.964,
,4,21.941,
,5,21.989,
,6,21.888,
,7,21.934,
,8,21.797,
,9,21.438,
,10,20.389,
BHE_8_ab_1,1,27.857,
,2,25.428,
,3,28.075,
,4,25.333,
,5,27.298,
,6,25.79,
,7,24.668,
,8,24.123,
,9,24.881,
,10,25.394,
BHE_8_ad_1,1,22.988,
,2,24.435,
,3,24.852,
,4,21.035,
,5,19.389,
,6,23.04,
,7,22.814,
,8,21.881,
,9,20.555,
,10,18.955,
BHE_9_ab_1,1,22.313,
,2,23.567,
,3,21.841,
,4,24.573,
,5,22.379,
,6,23.2,
,7,20.804,
,8,22.273,
,9,25.204,
,10,23.125,
BHE_9_ad_1,1,19.783,
,2,22.095,
,3,20.549,
,4,22.846,
,5,21.162,
,6,17.761,
,7,20.396,
,8,18.8,
,9,23.279,
,10,23.928,
HEC_1_ab_1,1,23.405,
,2,23.497,
,3,23.255,
,4,23.633,
,5,22.362,
,6,22.048,
,7,23.717,
,8,24.97,
,9,23.309,
,10,22.625,
HEC_1_ad_1,1,25.257,
,2,22.706,
,3,22.529,
,4,21.23,
,5,20.714,
,6,22.948,
,7,21.2,
,8,22.709,
,9,24.455,
,10,22.853,
HEC_10_ab_1,1,21.023,
,2,20.209,
,3,20.064,
,4,23.277,
,5,22.614,
,6,23.116,
,7,18.945,
,8,19.437,
,9,18.306,
,10,19.71,
HEC_10_ad_1,1,21.253,
,2,22.863,
,3,22.214,
,4,21.75,
,5,23.492,
,6,20.881,
,7,20.879,
,8,19.729,
,9,19.58,
,10,22.676,
HEC_11_ab_1,1,26.633,"25,959"
,2,27.693,
,3,25.959,
,4,27.416,
,5,28.328,
,6,28.946,
,7,25.201,
,8,24.609,
,9,23.303,
,10,26.947,
HEC_11_ad_1,1,23.455,
,2,24.3,
,3,24.633,
,4,23.121,
,5,25.805,
,6,27.704,
,7,26.028,
,8,25.213,
,9,25.366,
,10,26.548,
HEC_12_ab_1,1,23.523,
,2,23.42,
,3,21.845,
,4,25.355,
,5,20.038,
,6,25.712,
,7,20.084,
,8,20.816,
,9,24.328,
,10,24.771,
HEC_12_ad_1,1,24.868,
,2,23,
,3,25.953,
,4,25.082,
,5,24.694,
,6,22.577,
,7,26.915,
,8,26,
,9,23.272,
,10,24.279,
HEC_13_ab_1,1,24.242,
,2,23.778,
,3,23.297,
,4,19.466,
,5,22.488,
,6,23.248,
,7,21.094,
,8,24.175,
,9,20.596,
,10,22.886,
HEC_13_ad_1,1,23.878,
,2,24.366,
,3,19.957,
,4,22.488,
,5,22.589,
,6,23.139,
,7,21.155,
,8,22.169,
,9,21.554,
,10,19.474,
HEC_14_ab_1,1,25.244,
,2,22.334,
,3,24.522,
,4,29.034,
,5,28.246,
,6,25.234,
,7,23.832,
,8,22.553,
,9,25.42,
,10,24.454,
HEC_14_ad_1,1,26.804,
,2,27.115,
,3,28.075,
,4,27.719,
,5,27.752,
,6,28.489,
,7,26.565,
,8,26.213,
,9,26.002,
,10,23.499,
HEC_15_ab_1,1,20.427,
,2,21.552,
,3,23.004,
,4,22.506,
,5,21.83,
,6,24.982,
,7,20.87,
,8,22.28,
,9,24.974,
,10,19.737,
HEC_15_ad_1,1,24.466,very blurry
,2,17.409,
,3,20.471,
,4,25.245,
,5,23.585,
,6,22.233,
,7,24.328,
,8,28.496,
,9,20.957,
,10,19.613,
HEC_2_ab_1,1,21.439,
,2,23.236,
,3,23.282,
,4,23.766,
,5,25.507,
,6,24.635,
,7,23.408,
,8,23.531,
,9,21.052,
,10,21.836,
HEC_2_ad_1,1,20.913,
,2,22.879,
,3,22.736,
,4,19.796,
,5,21.856,
,6,20.666,
,7,25.947,
,8,20.785,
,9,25.237,
,10,18.527,
HEC_3_ab_1,1,24.138,
,2,26.272,
,3,26.193,
,4,24.471,
,5,25.515,
,6,22.303,
,7,22.446,
,8,22.244,
,9,21.359,
,10,25.772,
HEC_3_ad_1,1,24.535,
,2,22.273,
,3,24.429,
,4,23.675,
,5,27.032,
,6,26.815,
,7,21.665,
,8,25.552,
,9,26.349,
,10,21.491,
HEC_4_ab_1,1,22.612,
,2,21.73,
,3,22.055,
,4,18.695,
,5,18.976,
,6,21.922,
,7,19.32,
,8,20.939,
,9,22.011,
,10,19.233,
HEC_4_ad_1,1,18.91,
,2,20.383,
,3,24.025,
,4,21.571,
,5,23.649,
,6,22.676,
,7,23.978,
,8,22.756,
,9,25.739,
,10,20.524,
HEC_5_ab_1,1,21.028,
,2,26.395,
,3,18.485,
,4,22.749,
,5,18.564,
,6,21.374,
,7,20.471,
,8,25.523,
,9,25.193,
,10,20.694,
HEC_5_ad_1,1,24.955,
,2,24.579,
,3,22.848,
,4,26.879,
,5,26.349,
,6,24.3,
,7,25.224,
,8,25.575,
,9,29.608,
,10,22.133,
HEC_6_ab_1,1,28.9,
,2,26.732,
,3,23.176,
,4,27.101,
,5,26.028,
,6,25.628,
,7,28.169,
,8,28.213,
,9,26.142,
,10,22.634,
HEC_6_ad_1,1,17.74,
,2,16.085,
,3,19.535,
,4,19.117,
,5,23.079,
,6,22.621,
,7,21.461,
,8,19.117,
,9,19.119,
,10,23.491,
HEC_7_ab_1,1,19.303,
,2,21.157,
,3,19.328,
,4,18.602,
,5,20.087,
,6,21.567,
,7,23.262,
,8,21.708,
,9,23.205,
,10,20.886,
HEC_7_ad_1,1,23.835,
,2,22.281,
,3,20.085,
,4,23.213,
,5,22.804,
,6,20.307,
,7,23.452,
,8,25.223,
,9,22.831,
,10,22.951,
HEC_8_ab_1,1,22.17,
,2,21.376,
,3,19.71,
,4,21.102,
,5,22.086,
,6,23.344,
,7,23.96,
,8,23.331,
,9,19.449,
,10,22.954,
HEC_8_ad_1,1,25.051,
,2,17.151,
,3,24.73,
,4,21.987,
,5,21.2,
,6,19.788,
,7,24.12,
,8,21.7,
,9,22.922,
,10,17.631,
HEC_9_ab_1,1,19.67,
,2,18.488,
,3,15.252,
,4,21.23,
,5,21.755,
,6,20.535,
,7,20.403,
,8,20.025,
,9,20.719,
,10,18.53,
HEC_9_ad_1,1,13.321,
,2,13.732,
,3,13.362,
,4,10.453,
,5,13.715,
,6,12.499,
,7,13.554,
,8,12.345,
,9,13.694,
,10,13.25,
LMC_1_ab_1,1,22.948,
,2,25.279,
,3,25.141,
,4,23.226,
,5,26.379,
,6,26.679,
,7,24.65,
,8,25.044,
,9,24.734,
,10,22.313,
LMC_1_ad_1,1,21.52,
,2,17.431,
,3,17.951,
,4,17.851,
,5,21.336,
,6,21.648,
,7,21.4,
,8,21.221,
,9,20.307,
,10,25.985,
LMC_10_ab_1,1,24.685,
,2,22.138,
,3,25.348,
,4,20.776,
,5,22.509,
,6,24.298,
,7,23.48,
,8,22.03,
,9,23.431,
,10,21.738,
LMC_10_ad_1,1,19.608,
,2,29.132,
,3,25.386,
,4,22.611,
,5,20.853,
,6,22.064,
,7,17.423,
,8,25.321,
,9,26.242,
,10,21.836,
LMC_11_ab_2,1,21.855,
,2,17.233,
,3,17.456,
,4,15.788,
,5,20.49,
,6,15.034,
,7,20.691,
,8,19.064,
,9,16.144,
,10,17.081,
LMC_11_ad_1,1,19.374,
,2,20.309,
,3,20.941,
,4,19.892,
,5,19.905,
,6,17.364,
,7,18.573,
,8,15.761,
,9,18.94,
,10,19.097,
LMC_12_ab_1,1,24.817,
,2,26.877,
,3,27.471,
,4,26.118,
,5,25.864,
,6,25.277,
,7,23.174,
,8,26.775,
,9,23.388,
,10,22.225,
LMC_12_ad_1,1,25.645,
,2,25.234,
,3,27.03,
,4,24.137,
,5,26.355,
,6,26.439,
,7,29.073,
,8,26.323,
,9,23.531,
,10,26.279,
LMC_13_ab_1,1,23.735,
,2,25.677,
,3,24.586,
,4,26.827,
,5,23.131,
,6,24.423,
,7,26.593,
,8,25.62,
,9,26.567,
,10,26.899,
LMC_13_ad_1,1,23.024,
,2,25.789,
,3,19.93,
,4,20.729,
,5,19.235,
,6,22.579,
,7,24.981,
,8,21.439,
,9,24.531,
,10,24.469,
LMC_14_ab_2,1,19.354,no ab1
,2,17.988,
,3,20.751,
,4,22.456,
,5,19.911,
,6,19.622,
,7,19.313,
,8,19.249,
,9,20.724,
,10,25.32,
LMC_14_ad_1,1,17.901,
,2,17.75,
,3,19.685,
,4,20.01,
,5,20.931,
,6,21.177,
,7,18.535,
,8,20.708,
,9,18.224,
,10,17.901,
LMC_15_ab_1,1,22.726,
,2,30.888,
,3,27.221,
,4,24.494,
,5,24.718,
,6,29.433,
,7,27.112,
,8,27.812,
,9,28.365,
,10,25.75,
LMC_15_ad_1,1,26.277,
,2,26.437,
,3,26.97,
,4,25.605,
,5,25.307,
,6,23.751,
,7,28.434,
,8,27.963,
,9,26.691,
,10,27.107,
LMC_2_ab_1,1,24.15,very poor quality image 
,2,25.446,
,3,24.299,
,4,22.533,
,5,26.62,
,6,23.708,
,7,25.45,
,8,24.158,
,9,20.804,
,10,21.885,
LMC_2_ad_1,1,23,
,2,21.753,
,3,24.392,
,4,22.666,
,5,22.996,
,6,20.436,
,7,23.856,
,8,26.857,
,9,25.951,
,10,24.841,
LMC_3_ab_1,1,23.973,
,2,24.068,
,3,26.588,
,4,24.457,
,5,24.16,
,6,22.71,
,7,22.808,
,8,24.191,
,9,25.269,
,10,21.846,
LMC_3_ad_1,1,24.111,
,2,27.803,
,3,29.645,
,4,26.629,
,5,25.612,
,6,24.344,
,7,24.557,
,8,25.443,
,9,27.635,
,10,26.332,
LMC_4_ab_1,1,23.547,
,2,21.668,
,3,20.421,
,4,26.454,
,5,20.056,
,6,21.864,
,7,19.142,
,8,25.981,
,9,21.024,
,10,23.164,
LMC_4_ad_1,1,23.336,
,2,22.668,
,3,22.318,
,4,24.45,
,5,26.446,
,6,24.216,
,7,23.11,
,8,22.856,
,9,22.202,
,10,21.519,
LMC_5_ab_1,1,20.712,
,2,18.385,
,3,20.102,
,4,21.098,
,5,22.329,
,6,20.102,
,7,17.612,
,8,15.127,
,9,23.817,
,10,23.717,
LMC_5_ad_1,1,20.471,
,2,24.925,
,3,22.04,
,4,23.086,
,5,21,
,6,22.258,
,7,22.72,
,8,21.077,
,9,23.974,
,10,18.998,
LMC_6_ab_1,1,22.971,
,2,26.459,
,3,22.723,
,4,25.089,
,5,24.053,
,6,25.787,
,7,23.722,
,8,23.868,
,9,22.8,
,10,24.881,
LMC_6_ad_1,1,20.616,
,2,21.244,
,3,23,
,4,22.905,
,5,23.621,
,6,24.648,
,7,20.77,
,8,20.862,
,9,21.901,
,10,20.719,
LMC_7_ab_1,1,22.434,
,2,21.24,
,3,22.262,
,4,24.495,
,5,19.526,
,6,24.942,
,7,20.039,
,8,24.857,
,9,20.083,
,10,18.001,
LMC_7_ad_1,1,21.136,
,2,24.246,
,3,23.841,
,4,23.83,
,5,20.779,
,6,20.997,
,7,21.633,
,8,21.097,
,9,22.414,
,10,22.715,
LMC_8_ab_1,1,20.362,
,2,24.157,
,3,21.815,
,4,20.454,
,5,21.889,
,6,23.042,
,7,26.173,
,8,22.274,
,9,24.094,
,10,25.88,
LMC_8_ad_1,1,23.856,
,2,22.96,
,3,24.405,
,4,23.2,
,5,21.714,
,6,25.929,
,7,25.464,
,8,21.984,
,9,23.81,
,10,21.874,
LMC_9_ab_1,1,26.066,
,2,27.756,
,3,24.778,
,4,28.459,
,5,23.514,
,6,25.642,
,7,25.938,
,8,27.106,
,9,24.868,
,10,24.739,
LMC_9_ad_1,1,24.71,
,2,29.607,
,3,25.809,
,4,29.821,
,5,26.432,
,6,26.319,
,7,25.894,
,8,26.854,
,9,24.005,
,10,23.707,
OAE_1_ab_1,1,22.339,
,2,19.844,
,3,22.442,
,4,25.656,
,5,22.462,
,6,22.401,
,7,23.639,
,8,24.47,
,9,21.621,
,10,23.862,
OAE_1_ad_1,1,23.245,
,2,22.65,
,3,22.248,
,4,22.265,
,5,22.514,
,6,27.651,
,7,25.547,
,8,22.084,
,9,22.866,
,10,23.865,
OAE_10_ab_1,1,17.392,
,2,20.501,
,3,20.811,
,4,18.546,
,5,20.741,
,6,19.773,
,7,19.963,
,8,20.417,
,9,20.861,
,10,19.276,
OAE_10_ad_1,1,19.167,
,2,20.574,
,3,17.964,
,4,19.231,
,5,23.589,
,6,19.499,
,7,16.347,
,8,22.062,
,9,18.736,
,10,19.368,
OAE_11_ab_1,1,21.347,
,2,20.965,
,3,18.018,
,4,19.091,
,5,20.443,
,6,17.401,
,7,18.802,
,8,24.936,
,9,21.638,
,10,21.186,
OAE_11_ad_1,1,17.754,
,2,20.583,
,3,24.06,
,4,18.817,
,5,16.983,
,6,19.189,
,7,19.902,
,8,21.199,
,9,18.788,
,10,19.901,
OAE_12_ab_1,1,22.351,
,2,19.78,
,3,24.345,
,4,23.921,
,5,25.956,
,6,25.564,
,7,18.548,
,8,26.155,
,9,20.154,
,10,21.932,
OAE_12_ad_1,1,22.236,
,2,21.878,
,3,23.379,
,4,24.03,
,5,24.926,
,6,23.401,
,7,24.095,
,8,20.152,
,9,24.707,
,10,19.113,
OAE_13_ab_1,1,23.376,
,2,21.38,
,3,22.837,
,4,20.377,
,5,22.784,
,6,20.435,
,7,21.375,
,8,24.933,
,9,20.195,
,10,21.156,
OAE_13_ad_1,1,23.6,
,2,19.15,
,3,20.056,
,4,23.33,
,5,25.147,
,6,22.717,
,7,24.466,
,8,22.522,
,9,21.65,
,10,22.756,
OAE_14_ab_1,1,19.462,
,2,21.801,
,3,19.606,
,4,21.699,
,5,24.82,
,6,23.063,
,7,20.459,
,8,20.787,
,9,21.698,
,10,21.792,
OAE_14_ad_1,1,22.664,
,2,22.348,
,3,23.321,
,4,20.671,
,5,20.841,
,6,26.364,
,7,24.064,
,8,20.98,
,9,23.521,
,10,20.396,
OAE_2_ab_1,1,21.645,
,2,22.081,
,3,24.095,
,4,22.769,
,5,23.25,
,6,23.817,
,7,27.908,
,8,21.842,
,9,22.938,
,10,22.075,
OAE_2_ad_1,1,25.85,
,2,24.937,
,3,27.331,
,4,27.201,
,5,28.152,
,6,25.768,
,7,25.26,
,8,22.822,
,9,26.292,
,10,27.273,
OAE_3_ab_1,1,25.616,
,2,25.312,
,3,27.527,
,4,23.97,
,5,27.577,
,6,22.839,
,7,25.137,
,8,24.477,
,9,21.177,
,10,24.091,
OAE_3_ad_1,1,24.135,
,2,25.459,
,3,22.711,
,4,22.643,
,5,24.936,
,6,23.934,
,7,24.516,
,8,26.086,
,9,25.628,
,10,23.786,
OAE_4_ab_1,1,16.212,
,2,17.961,
,3,23.5,
,4,21.668,
,5,19.68,
,6,17.839,
,7,20.034,
,8,20.619,
,9,16.592,
,10,20.32,
OAE_4_ad_1,1,25.298,
,2,23.859,
,3,22.523,
,4,23.495,
,5,25.036,
,6,23.251,
,7,21.24,
,8,21.962,
,9,20.209,
,10,20.176,
OAE_5_ab_1,1,19.243,
,2,20.694,
,3,25.234,
,4,18.146,
,5,20.916,
,6,21.378,
,7,18.094,
,8,17.849,
,9,18.986,
,10,20.386,
OAE_5_ad_1,1,22.034,
,2,22.75,
,3,22.227,
,4,22.396,
,5,22.856,
,6,22.048,
,7,22.425,
,8,20.72,
,9,22.286,
,10,22.8,
OAE_6_ab_1,1,25.102,
,2,21.773,
,3,21.325,
,4,23.153,
,5,19.242,
,6,22.459,
,7,19.731,
,8,17.873,
,9,21.548,
,10,19.913,
OAE_6_ad_1,1,14.695,
,2,21.783,
,3,17.557,
,4,15.44,
,5,18.278,
,6,18.35,
,7,18.508,
,8,17.949,
,9,20.692,
,10,19.22,
OAE_7_ab_1,1,20.159,
,2,17.755,
,3,21.254,
,4,22.69,
,5,23.767,
,6,20.617,
,7,20.185,
,8,18.964,
,9,21.526,
,10,20.295,
OAE_7_ad_1,1,20.629,
,2,25.005,
,3,27.014,
,4,22.846,
,5,22.271,
,6,21.161,
,7,21.797,
,8,25.603,
,9,26.305,
,10,22.326,
OAE_8_ab_1,1,n/a,no files
,2,n/a,
,3,n/a,
,4,n/a,
,5,n/a,
,6,n/a,
,7,n/a,
,8,n/a,
,9,n/a,
,10,n/a,
OAE_8_ad_1,1,n/a,no files
,2,n/a,
,3,n/a,
,4,n/a,
,5,n/a,
,6,n/a,
,7,n/a,
,8,n/a,
,9,n/a,
,10,n/a,
OAE_9_ab_1,1,23.101,
,2,23.419,
,3,25.388,
,4,22.302,
,5,23.304,
,6,27.523,
,7,23.369,
,8,22.692,
,9,27.58,
,10,21.744,
OAE_9_ad_1,1,22.454,
,2,21.359,
,3,22.285,
,4,18.721,
,5,19.313,
,6,23.283,
,7,24.046,
,8,25.181,
,9,26.722,
,10,22.909,
OPB_1_ab_1,1,20.816,
,2,23.902,
,3,23.479,
,4,23.973,
,5,20.508,
,6,23.491,
,7,18.541,
,8,22.867,
,9,23.77,
,10,24.409,
OPB_1_ad_1,1,24.655,
,2,24.687,
,3,23.505,
,4,27.191,
,5,26.813,
,6,24.862,
,7,24.993,
,8,25.402,
,9,18.541,
,10,26.827,
OPB_10_ab_1,1,24.226,
,2,20.646,
,3,21.654,
,4,22.898,
,5,25.134,
,6,25.427,
,7,23.2,
,8,26.017,
,9,23.672,
,10,22.188,
OPB_10_ad_1,1,21.294,
,2,24.372,
,3,22.263,
,4,21.6,
,5,21.538,
,6,19.849,
,7,24.773,
,8,20.766,
,9,23.076,
,10,19.371,
OPB_11_ab_1,1,20.991,
,2,23.764,
,3,22.559,
,4,24.135,
,5,23.265,
,6,20.508,
,7,20.307,
,8,22.366,
,9,24.148,
,10,20.511,
OPB_11_ad_1,1,22.023,
,2,20,
,3,20.637,
,4,22.806,
,5,24.958,
,6,20.881,
,7,21.087,
,8,20.838,
,9,19.506,
,10,21.615,
OPB_12_ab_1,1,19.539,
,2,22.542,
,3,23.868,
,4,24.684,
,5,24.853,
,6,22.604,
,7,23.225,
,8,22.723,
,9,19.945,
,10,23.338,
OPB_12_ad_1,1,25.962,
,2,24.466,
,3,29.017,
,4,25.225,
,5,18.608,
,6,24.726,
,7,25.799,
,8,26.448,
,9,24.666,
,10,27.07,
OPB_13_ab_1,1,23.465,
,2,25.992,
,3,22.345,
,4,27.903,
,5,25.949,
,6,22.814,
,7,25.859,
,8,20.236,
,9,23.51,
,10,25.096,
OPB_13_ad_1,1,23.194,
,2,25.333,
,3,21.867,
,4,21.902,
,5,23.438,
,6,22.752,
,7,22.951,
,8,21.322,
,9,22.489,
,10,23.529,
OPB_14_ab_1,1,26.333,
,2,23.119,
,3,26.842,
,4,22.966,
,5,26.476,
,6,23.356,
,7,24.286,
,8,29.53,
,9,25.805,
,10,28.934,
OPB_14_ad_1,1,26.205,
,2,27.215,
,3,26.946,
,4,28.445,
,5,23.866,
,6,25.155,
,7,26.967,
,8,26.683,
,9,26.907,
,10,24.752,
OPB_15_ab_1,1,23,
,2,24.013,
,3,24.545,
,4,24.166,
,5,22.004,
,6,14.165,
,7,25.211,
,8,23.887,
,9,21.103,
,10,20.674,
OPB_15_ad_1,1,21.71,
,2,21.764,
,3,20.302,
,4,23.85,
,5,22.02,
,6,20.787,
,7,23.52,
,8,20.607,
,9,25.488,
,10,21.654,
OPB_2_ab_1,1,20.241,
,2,21.862,
,3,24.095,
,4,22.632,
,5,22.853,
,6,22.478,
,7,21.748,
,8,21.676,
,9,21.685,
,10,23.008,
OPB_2_ad_1,1,26.16,
,2,25.384,
,3,27.817,
,4,26.412,
,5,28.76,
,6,25.224,
,7,26.009,
,8,27.564,
,9,24.392,
,10,28.102,
OPB_3_ab_1,1,24.56,
,2,23.052,
,3,25.403,
,4,24.267,
,5,23.061,
,6,24.19,
,7,23.92,
,8,24.545,
,9,23.873,
,10,21.691,
OPB_3_ad_1,1,27.044,
,2,27.136,
,3,24.939,
,4,27.455,
,5,25.108,
,6,26.636,
,7,26.034,
,8,24.985,
,9,23.334,
,10,26.751,
OPB_4_ab_1,1,10.564,
,2,9.589,
,3,10.6,
,4,11.315,
,5,9.947,
,6,11.56,
,7,10.304,
,8,11.844,
,9,11.377,
,10,12.092,
OPB_4_ad_1,1,24.897,
,2,23.561,
,3,24.948,
,4,26.964,
,5,25.29,
,6,24.873,
,7,23.529,
,8,26.577,
,9,23.831,
,10,28.415,
OPB_5_ab_1,1,23.654,
,2,22.069,
,3,22.971,
,4,24.216,
,5,26.015,
,6,21.477,
,7,21.715,
,8,22.433,
,9,22.291,
,10,20.802,
OPB_5_ad_1,1,23.238,
,2,27.817,
,3,25.495,
,4,23.259,
,5,25.678,
,6,24.003,
,7,23.923,
,8,22.951,
,9,23.734,
,10,24.697,
OPB_6_ab_1,1,26.574,
,2,24.687,
,3,24.652,
,4,26.571,
,5,27.029,
,6,25.684,
,7,26.833,
,8,26.8,
,9,28.978,
,10,22.389,
OPB_6_ad_1,1,22.515,
,2,21.771,
,3,21.291,
,4,24.092,
,5,25.588,
,6,22.114,
,7,24.003,
,8,20.776,
,9,23.266,
,10,25.263,
OPB_7_ab_1,1,23.564,
,2,23.222,
,3,24.902,
,4,24.27,
,5,21.072,
,6,20.009,
,7,18.843,
,8,23.84,
,9,24.406,
,10,22.042,
OPB_7_ad_1,1,23.297,
,2,25.691,
,3,22.756,
,4,26.883,
,5,24.319,
,6,25.048,
,7,22.909,
,8,22.647,
,9,24.19,
,10,21.979,
OPB_8_ab_1,1,22.99,
,2,24.372,
,3,23.583,
,4,25.412,
,5,23.208,
,6,23.403,
,7,21.925,
,8,20.229,
,9,21.997,
,10,22.934,
OPB_8_ad_1,1,20.025,
,2,19.388,
,3,24.052,
,4,21.986,
,5,19.666,
,6,21.225,
,7,23.068,
,8,21.407,
,9,23.162,
,10,22.121,
OPB_9_ab_1,1,23.835,
,2,23.024,
,3,24.104,
,4,22.113,
,5,22.634,
,6,25.644,
,7,24.416,
,8,24.948,
,9,22.063,
,10,21.989,
OPB_9_ad_1,1,22.879,
,2,21.148,
,3,20.1,
,4,20.417,
,5,23.338,
,6,20.493,
,7,23.191,
,8,21.851,
,9,21.992,
,10,22.91,
PGR_1_ab_1,1,n/a,no file
,2,n/a,
,3,n/a,
,4,n/a,
,5,n/a,
,6,n/a,
,7,n/a,
,8,n/a,
,9,n/a,
,10,n/a,
PGR_1_ad_1,1,n/a,no file
,2,n/a,
,3,n/a,
,4,n/a,
,5,n/a,
,6,n/a,
,7,n/a,
,8,n/a,
,9,n/a,
,10,n/a,
PGR_10_ab_1,1,16.239,
,2,19.887,
,3,17.648,
,4,18.094,
,5,17.71,
,6,20.082,
,7,26.109,
,8,19.801,
,9,18.45,
,10,16.344,
PGR_10_ad_1,1,21.523,
,2,20.968,
,3,23.641,
,4,20.644,
,5,21.173,
,6,19.234,
,7,19.292,
,8,19.482,
,9,17.741,
,10,22.071,
PGR_11_ab_1,1,24.468,
,2,24.121,
,3,21.652,
,4,21.228,
,5,18.085,
,6,24.823,
,7,22.152,
,8,21.564,
,9,27.483,
,10,20.592,
PGR_11_ad_1,1,18.345,
,2,20.486,
,3,22.386,
,4,19.098,
,5,23.208,
,6,21.004,
,7,25.206,
,8,23.48,
,9,21.57,
,10,21.405,
PGR_12_ab_1,1,20.474,
,2,25.971,
,3,22,
,4,25.407,
,5,17.768,
,6,19.312,
,7,20.555,
,8,27.967,
,9,19.789,
,10,21.829,
PGR_12_ad_1,1,21.828,
,2,23.917,
,3,22.388,
,4,23.585,
,5,24.419,
,6,20.256,
,7,18.676,
,8,21.26,
,9,18.392,
,10,18.792,
PGR_13_ab_1,1,24.787,
,2,18.815,
,3,18.559,
,4,17.225,
,5,17.335,
,6,17.234,
,7,16.747,
,8,18.216,
,9,20.51,
,10,22.55,
PGR_13_ad_1,1,23.087,
,2,18.795,
,3,22.051,
,4,20.927,
,5,19.277,
,6,22.006,
,7,21.411,
,8,22.318,
,9,21.084,
,10,21.524,
PGR_14_ab_1,1,20.693,
,2,20.679,
,3,26.386,
,4,19.676,
,5,16.7,
,6,23.703,
,7,25.1,
,8,21.607,
,9,24.749,
,10,23.521,
PGR_14_ad_1,1,24.998,
,2,19.261,
,3,20.119,
,4,20.691,
,5,22.071,
,6,18.66,
,7,18.353,
,8,18.551,
,9,17.533,
,10,19.026,
PGR_15_ab_1,1,25.983,
,2,20.414,
,3,26.022,
,4,27.343,
,5,24.239,
,6,"25,788",
,7,27.312,
,8,20.292,
,9,19.86,
,10,19.471,
PGR_15_ad_1,1,13.163,
,2,9.017,
,3,10.118,
,4,9.866,
,5,10.284,
,6,11.764,
,7,11.467,
,8,10.922,
,9,9.878,
,10,11.283,
PGR_2_ab_1,1,18.798,
,2,15.224,
,3,19.874,
,4,23.604,
,5,19.804,
,6,22.419,
,7,20.553,
,8,18.307,
,9,18.607,
,10,24.624,
PGR_2_ad_1,1,17.106,
,2,18.827,
,3,19.123,
,4,19.417,
,5,20.42,
,6,16.863,
,7,17.734,
,8,21.086,
,9,21.415,
,10,19.441,
PGR_3_ab_1,1,24.092,
,2,24.114,
,3,24.853,
,4,25.992,
,5,23.257,
,6,26.241,
,7,25.58,
,8,25.266,
,9,22.338,
,10,25.739,
PGR_3_ad_1,1,24.353,
,2,21.916,
,3,20.039,
,4,22.228,
,5,21.239,
,6,22.767,
,7,20.264,
,8,21.208,
,9,23.02,
,10,23.147,
PGR_4_ab_1,1,26.946,
,2,24.567,
,3,28.235,
,4,28.831,
,5,27.056,
,6,27.272,
,7,22.541,
,8,26.521,
,9,27.394,
,10,26.867,
PGR_4_ad_1,1,28.199,
,2,30.131,
,3,27.035,
,4,22.742,
,5,29.742,
,6,25.146,
,7,23.353,
,8,23.98,
,9,24.468,
,10,24.183,
PGR_5_ab_1,1,23.374,
,2,22.42,
,3,25.821,
,4,18.821,
,5,24.479,
,6,21.45,
,7,21.108,
,8,24.749,
,9,24.57,
,10,21.38,
PGR_5_ad_1,1,21.535,
,2,22.161,
,3,17.652,
,4,20.572,
,5,20.769,
,6,21.011,
,7,23.865,
,8,20.947,
,9,19.731,
,10,19.292,
PGR_6_ab_1,1,17.867,
,2,20.395,
,3,23.795,
,4,17.041,
,5,18.668,
,6,17.655,
,7,21.944,
,8,19.7,
,9,20.434,
,10,16.407,
PGR_6_ad_1,1,19.021,
,2,23.633,
,3,23.318,
,4,21.284,
,5,17.834,
,6,19.143,
,7,18.352,
,8,21.648,
,9,21.482,
,10,15.91,
PGR_7_ab_1,1,19.226,
,2,22.885,
,3,21.692,
,4,21.563,
,5,20.973,
,6,20.039,
,7,22.731,
,8,25.145,
,9,20.681,
,10,17.584,
PGR_7_ad_1,1,20.307,
,2,20.84,
,3,20.136,
,4,17.391,
,5,21.258,
,6,20.367,
,7,20.588,
,8,25.144,
,9,23.099,
,10,23.077,
PGR_8_ab_1,1,17.403,
,2,21.625,
,3,20.646,
,4,21.471,
,5,21.562,
,6,21.251,
,7,21.599,
,8,23,
,9,19.901,
,10,20.472,
PGR_8_ad_1,1,20.665,
,2,23.615,
,3,24.772,
,4,23.259,
,5,23.022,
,6,20.321,
,7,22.775,
,8,20.518,
,9,21.255,
,10,24.525,
PGR_9_ab_1,1,21.149,
,2,19.292,
,3,20.109,
,4,22.342,
,5,20.988,
,6,21.07,
,7,17.127,
,8,18.309,
,9,22.595,
,10,19.138,
PGR_9_ad_1,1,22.886,
,2,21.598,
,3,24.741,
,4,25.588,
,5,19.666,
,6,20.104,
,7,23.018,`
,8,20.649,
,9,20.292,
,10,24.469,
RGR_1_ab_1,1,20.669,
,2,21.219,
,3,19.824,
,4,22.604,
,5,20.66,
,6,21.828,
,7,21.82,
,8,24.551,
,9,23.63,
,10,23.673,
RGR_1_ad_1,1,21.04,
,2,20.484,
,3,21.715,
,4,21.317,
,5,21.335,
,6,23.665,
,7,18.25,
,8,21.513,
,9,21.735,
,10,19.88,
RGR_10_ab_1,1,24.336,
,2,21.384,
,3,22.098,
,4,18.697,
,5,21.53,
,6,22.557,
,7,19.768,
,8,21.704,
,9,21.718,
,10,19.113,
RGR_10_ad_1,1,21.412,
,2,19.4,
,3,19.164,
,4,20.872,
,5,21.119,
,6,23.145,
,7,18.72,
,8,17.354,
,9,20.42,
,10,21.484,
RGR_11_ab_1,1,17.748,
,2,19.28,
,3,17.141,
,4,18.336,
,5,19.56,
,6,20.827,
,7,22.876,
,8,23.02,
,9,22.051,
,10,22.297,
RGR_11_ad_1,1,18.634,
,2,18.974,
,3,19.088,
,4,19.96,
,5,19.226,
,6,21.455,
,7,18.462,
,8,17.245,
,9,20.961,
,10,20.64,
RGR_12_ab_1,1,13.823,
,2,20.697,
,3,16.36,
,4,20.601,
,5,21.855,
,6,19.629,
,7,18.809,
,8,20.218,
,9,19.184,
,10,17.891,
RGR_12_ad_1,1,14.907,
,2,18.711,
,3,16.399,
,4,16.605,
,5,16.826,
,6,17.677,
,7,19.562,
,8,20.997,
,9,16.059,
,10,14.481,
RGR_13_ab_1,1,22.221,
,2,24.249,
,3,24.483,
,4,21.997,
,5,21.601,
,6,25.864,
,7,21.185,
,8,28.42,
,9,23.362,
,10,24.711,
RGR_13_ad_1,1,22.093,
,2,22.09,
,3,20.032,
,4,21.437,
,5,24.242,
,6,23.278,
,7,22.847,
,8,20.728,
,9,23.146,
,10,21.112,
RGR_14_ab_1,1,22.713,
,2,20.108,
,3,22.692,
,4,19.548,
,5,25.07,
,6,18.034,
,7,24.203,
,8,23.881,
,9,22.912,
,10,22.247,
RGR_14_ad_1,1,19.507,
,2,18.873,
,3,21.633,
,4,20.563,
,5,18.385,
,6,20.717,
,7,17.533,
,8,18.295,
,9,17.925,
,10,18.971,
RGR_15_ab_1,1,19.988,
,2,21.43,
,3,23.619,
,4,18.507,
,5,19.027,
,6,20.936,
,7,21.213,
,8,18.515,
,9,22.066,
,10,20.47,
RGR_15_ad_1,1,18.206,
,2,19.708,
,3,21.74,
,4,22.611,
,5,21.454,
,6,20.631,
,7,21,
,8,23.341,
,9,21.357,
,10,21.33,
RGR_16_ab_1,1,21.045,
,2,24.021,
,3,20.889,
,4,18.341,
,5,21.448,
,6,19.865,
,7,21.575,
,8,22.213,
,9,21.977,
,10,20.894,
RGR_16_ad_1,1,19.799,
,2,19.054,
,3,17.119,
,4,17.947,
,5,20.182,
,6,20.884,
,7,20.587,
,8,19.207,
,9,20.377,
,10,21.306,
RGR_2_ab_1,1,26.947,
,2,23.074,
,3,24.948,
,4,22.969,
,5,23.784,
,6,22.302,
,7,22.608,
,8,26.769,
,9,23.665,
,10,25.772,
RGR_2_ad_1,1,25.177,
,2,25.552,
,3,23.187,
,4,28.475,
,5,23.026,
,6,21.526,
,7,29.886,
,8,25.871,
,9,22.754,
,10,24.301,
RGR_3_ab_1,1,20.409,
,2,20.764,
,3,18.745,
,4,19.366,
,5,19.547,
,6,18.761,
,7,21.528,
,8,21.469,
,9,19.423,
,10,15.62,
RGR_3_ad_1,1,20.53,
,2,21.268,
,3,21.06,
,4,21.735,
,5,19.44,
,6,21.694,
,7,19.814,
,8,19.767,
,9,19.788,
,10,20.025,
RGR_4_ab_1,1,21.245,
,2,23.602,
,3,23.355,
,4,24.114,
,5,21.386,
,6,20.214,
,7,23.205,
,8,19.71,
,9,16.065,
,10,18.963,
RGR_4_ad_1,1,20.466,
,2,17.366,
,3,19.526,
,4,20.084,
,5,19.665,
,6,20.482,
,7,23.589,
,8,20.8,
,9,19.165,
,10,18.959,
RGR_5_ab_1,1,18.37,
,2,24.025,
,3,26.37,
,4,21.872,
,5,25.041,
,6,19.36,
,7,21.943,
,8,25.889,
,9,22.233,
,10,19.504,
RGR_5_ad_1,1,27.45,
,2,25.983,
,3,23.225,
,4,26.402,
,5,27.371,
,6,25.551,
,7,22.659,
,8,22.627,
,9,21.851,
,10,27.264,
RGR_6_ab_1,1,19.767,
,2,21.12,
,3,20.697,
,4,20.402,
,5,15.629,
,6,20.203,
,7,18.341,
,8,18.321,
,9,22.308,
,10,23.349,
RGR_6_ad_1,1,20.646,
,2,19.48,
,3,20.847,
,4,21.458,
,5,18.555,
,6,19.612,
,7,18.962,
,8,17.406,
,9,20.011,
,10,20.512,
RGR_7_ab_1,1,20.938,
,2,19.876,
,3,20.789,
,4,22.644,
,5,21.779,
,6,23.234,
,7,23.84,
,8,19.121,
,9,22.054,
,10,20.392,
RGR_7_ad_1,1,19.242,
,2,21.275,
,3,21.805,
,4,20.673,
,5,23.217,
,6,21.601,
,7,17.99,
,8,19.273,
,9,22.772,
,10,21.12,
RGR_8_ab_1,1,21.282,
,2,18.089,
,3,21.12,
,4,20.134,
,5,18.881,
,6,20.163,
,7,18.895,
,8,21.377,
,9,19.756,
,10,23.018,
RGR_8_ad_1,1,20.12,
,2,21.682,
,3,21.092,
,4,19.5,
,5,19.549,
,6,19.974,
,7,19.15,
,8,17.344,
,9,17.275,
,10,17.695,
RGR_9_ab_1,1,23.166,
,2,26.595,
,3,26.598,
,4,29.134,
,5,30.225,
,6,25.712,
,7,24.464,
,8,21.745,
,9,24.572,
,10,25.118,
RGR_9_ad_1,1,27.539,
,2,33.822,
,3,29.455,
,4,25.85,
,5,24.806,
,6,23.495,
,7,25.014,
,8,30.05,
,9,28.573,
,10,26.618,
SWB_1_ab_1,1,20.558,
,2,23.198,
,3,16.624,
,4,23.608,
,5,18.801,
,6,19.196,
,7,24.984,
,8,20.669,
,9,20.414,
,10,20.553,
SWB_1_ad_1,1,24.392,
,2,24.449,
,3,22.844,
,4,23.363,
,5,21.652,
,6,25.462,
,7,22.145,
,8,21.874,
,9,20.669,
,10,23.286,
SWB_10_ab_1,1,24.534,
,2,24.943,
,3,22.196,
,4,23.7,
,5,20.141,
,6,21.997,
,7,20.816,
,8,26.535,
,9,23.119,
,10,22.966,
SWB_10_ad_1,1,25.838,
,2,22.72,
,3,26.631,
,4,23.819,
,5,22.916,
,6,21.84,
,7,23.995,
,8,24.325,
,9,25.02,
,10,23.121,
SWB_11_ab_1,1,24.919,
,2,23.749,
,3,25.42,
,4,25.726,
,5,25.006,
,6,21.652,
,7,25.678,
,8,25.528,
,9,24.116,
,10,25.966,
SWB_11_ad_1,1,26.471,
,2,25.828,
,3,23.861,
,4,28.778,
,5,25.962,
,6,26.17,
,7,26.501,
,8,23.303,
,9,29.248,
,10,26.789,
SWB_12_ab_1,1,23.58,
,2,26.458,
,3,26.914,
,4,25.296,
,5,26.76,
,6,25.673,
,7,24.748,
,8,21.437,
,9,26.505,
,10,25.875,
SWB_12_ad_1,1,23.901,
,2,22.965,
,3,22.041,
,4,21.637,
,5,22.415,
,6,21.937,
,7,22.884,
,8,21.316,
,9,22.486,
,10,27.3,
SWB_13_ab_1,1,23.778,
,2,23.654,
,3,24.919,
,4,21.02,
,5,22.924,
,6,23.194,
,7,23.754,
,8,23.439,
,9,21.927,
,10,20.62,
SWB_13_ad_1,1,23.272,
,2,24.573,
,3,21.125,
,4,23.162,
,5,22.415,
,6,23.402,
,7,20.696,
,8,22.844,
,9,21.932,
,10,20.609,
SWB_14_ab_1,1,20.747,
,2,20.363,
,3,23.478,
,4,19.283,
,5,22.937,
,6,17.667,
,7,16.243,
,8,19.692,
,9,19.997,
,10,17.891,
SWB_14_ad_1,1,17.129,
,2,18.974,
,3,19.804,
,4,20.031,
,5,19.793,
,6,16.944,
,7,17.138,
,8,18.785,
,9,16.205,
,10,19.668,
SWB_2_ab_1,1,23.027,
,2,23.717,
,3,19.991,
,4,22.173,
,5,27.145,
,6,28.653,
,7,21.498,
,8,18.31,
,9,21.88,
,10,23.948,
SWB_2_ad_1,1,22.393,
,2,17.498,
,3,20.121,
,4,18.055,
,5,24.689,
,6,19.118,
,7,25.815,
,8,19.121,
,9,24.415,
,10,21.336,
SWB_3_ab_1,1,26.365,
,2,25.105,
,3,23.027,
,4,25.362,
,5,24.605,
,6,24,
,7,20.049,
,8,20.45,
,9,21.701,
,10,22.744,
SWB_3_ad_1,1,20.699,
,2,16.227,
,3,20.639,
,4,20.333,
,5,19.881,
,6,25.266,
,7,19.901,
,8,21.737,
,9,27.097,
,10,22.634,
SWB_4_ab_1,1,23.69,
,2,24.167,
,3,23.529,
,4,27.211,
,5,26.627,
,6,23.058,
,7,23.448,
,8,22.8,
,9,25.079,
,10,26.896,
SWB_4_ad_1,1,29.739,
,2,19.292,
,3,24.203,
,4,20.009,
,5,22.201,
,6,19.698,
,7,21.004,
,8,24.739,
,9,23.324,
,10,26.488,
SWB_5_ab_1,1,23.526,
,2,22.495,
,3,20.369,
,4,26.744,
,5,24.546,
,6,25.76,
,7,21.62,
,8,20,
,9,18.782,
,10,20.331,
SWB_5_ad_1,1,21.563,
,2,25.006,
,3,24.424,
,4,20.852,
,5,23.483,
,6,24.053,
,7,23.868,
,8,21.247,
,9,25.181,
,10,22.304,
SWB_6_ab_1,1,19.904,
,2,22.896,
,3,24.424,
,4,22.404,
,5,19.71,
,6,23.561,
,7,19.892,
,8,20.539,
,9,17.61,
,10,20.218,
SWB_6_ad_1,1,21.273,
,2,19.418,
,3,17.698,
,4,17.988,
,5,20.104,
,6,19.799,
,7,18.775,
,8,19.799,
,9,18.305,
,10,19.643,
SWB_7_ab_1,1,22.454,
,2,25.12,
,3,21.962,
,4,24.66,
,5,23.746,
,6,23.842,
,7,25.686,
,8,23.322,
,9,28.958,
,10,23.076,
SWB_7_ad_1,1,26.261,
,2,23.508,
,3,21.977,
,4,23.478,
,5,23.83,
,6,24.681,
,7,25.003,
,8,24.671,
,9,22.251,
,10,22.595,
SWB_8_ab_1,1,22.365,
,2,21.998,
,3,19.527,
,4,20.148,
,5,19.958,
,6,29.759,
,7,21.65,
,8,22.33,
,9,21.251,
,10,25.644,
SWB_8_ad_1,1,22.691,
,2,23.795,
,3,22.159,
,4,23.203,
,5,23.206,
,6,19.634,
,7,22.389,
,8,22.72,
,9,24.088,
,10,21.733,
SWB_9_ab_1,1,18.571,
,2,18.478,
,3,25.003,
,4,23.209,
,5,26.007,
,6,21.31,
,7,22.503,
,8,24.041,
,9,19.972,
,10,20.1,
SWB_9_ad_1,1,23.027,
,2,19.522,
,3,26.003,
,4,22.49,
,5,23.301,
,6,23.385,
,7,22.282,
,8,27.222,
,9,22.389,
,10,21.136,
SWC_1_ab_1,1,20.862,
,2,20.384,
,3,20.999,
,4,19.801,
,5,17.617,
,6,18.602,
,7,27.364,
,8,24.24,
,9,21.297,
,10,25.512,
SWC_1_ad_1,1,21.716,
,2,19.703,
,3,19.703,
,4,21.962,
,5,21.004,
,6,20.53,
,7,21.898,
,8,21.867,
,9,22.366,
,10,23.408,
SWC_10_ab_1,1,21.593,
,2,20.02,
,3,22.628,
,4,18.659,
,5,24.634,
,6,23.774,
,7,22.664,
,8,23.797,
,9,20.927,
,10,20.718,
SWC_10_ad_1,1,26.181,
,2,27.638,
,3,27.264,
,4,23.029,
,5,26.889,
,6,26.196,
,7,24.471,
,8,24.16,
,9,23.113,
,10,24.153,
SWC_11_ab_1,1,29.513,
,2,29,
,3,24.361,
,4,28.43,
,5,24.399,
,6,31.149,
,7,24.537,
,8,20.934,
,9,23.575,
,10,27.388,
SWC_11_ad_1,1,28.231,
,2,28.226,
,3,29.173,
,4,24.03,
,5,25.654,
,6,23.751,
,7,26.34,
,8,28.645,
,9,25.175,
,10,25.413,
SWC_12_ab_1,1,25.634,
,2,25.419,
,3,23.736,
,4,24.828,
,5,22.536,
,6,23.911,
,7,21.587,
,8,21.349,
,9,21.294,
,10,24.304,
SWC_12_ad_1,1,29.071,
,2,24.676,
,3,23.489,
,4,27.07,
,5,21.952,
,6,22.938,
,7,24.31,
,8,24.111,
,9,26.57,
,10,27.049,
SWC_13_ab_1,1,22.761,
,2,18.48,
,3,19.41,
,4,23.191,
,5,17.2,
,6,23.052,
,7,23.635,
,8,25.826,
,9,20.912,
,10,21.448,
SWC_13_ad_1,1,25.66,
,2,27.533,
,3,26.627,
,4,26.452,
,5,27.798,
,6,25.175,
,7,21.204,
,8,28.978,
,9,26.694,
,10,28.501,
SWC_14_ab_1,1,24.924,
,2,18.288,
,3,23.129,
,4,22.94,
,5,25.183,
,6,22.627,
,7,24.926,
,8,22.706,
,9,27.096,
,10,23.968,
SWC_14_ad_1,1,27.03,
,2,23.774,
,3,26.784,
,4,27.64,
,5,24.667,
,6,24.615,
,7,25.263,
,8,28.16,
,9,26.441,
,10,26.858,
SWC_15_ab_1,1,24.948,
,2,25.258,
,3,25.351,
,4,22.169,
,5,24.743,
,6,20.568,
,7,25.78,
,8,20.04,
,9,22.902,
,10,23.242,
SWC_15_ad_1,1,23.565,
,2,24.274,
,3,22.48,
,4,24.635,
,5,24.533,
,6,20.833,
,7,26.321,
,8,17.862,
,9,19.674,
,10,22.974,
SWC_2_ab_1,1,24.121,
,2,32.032,
,3,25.495,
,4,25.689,
,5,25.187,
,6,25.423,
,7,25.255,
,8,21.581,
,9,25.827,
,10,27.678,
SWC_2_ad_1,1,27.06,
,2,27.045,
,3,28.47,
,4,30.961,
,5,30.47,
,6,28.721,
,7,25.237,
,8,30.482,
,9,28.805,
,10,31.323,
SWC_3_ab_1,1,25.005,
,2,24.148,
,3,25.268,
,4,27.765,
,5,24.782,
,6,29.877,
,7,26.792,
,8,26.769,
,9,28.403,
,10,29.076,
SWC_3_ad_1,1,27.944,
,2,29.28,
,3,29.884,
,4,27.4,
,5,29.401,
,6,31.55,
,7,28.003,
,8,28.213,
,9,23.842,
,10,26.173,
SWC_4_ab_1,1,21.833,
,2,24.102,
,3,24.719,
,4,23.363,
,5,27.811,
,6,30.432,
,7,25.137,
,8,21.604,
,9,22.779,
,10,25.813,
SWC_4_ad_1,1,26.202,
,2,31.409,
,3,26.4,
,4,25.176,
,5,27.42,
,6,26.485,
,7,30.132,
,8,25.905,
,9,25.412,
,10,24.406,
SWC_5_ab_1,1,25.148,
,2,23.303,
,3,25.653,
,4,34.177,
,5,25.249,
,6,27.882,
,7,24.461,
,8,24,
,9,27.335,
,10,26.56,
SWC_5_ad_1,1,27.153,
,2,25.26,
,3,24.889,
,4,29.728,
,5,26.046,
,6,27.162,
,7,29.925,
,8,25.512,
,9,23.646,
,10,19.727,
SWC_6_ab_1,1,25.261,
,2,22.098,
,3,26.703,
,4,25.107,
,5,26.115,
,6,25.118,
,7,24.343,
,8,23.082,
,9,23.638,
,10,26.831,
SWC_6_ad_1,1,28,
,2,29.178,
,3,30.014,
,4,24.433,
,5,27.699,
,6,26.171,
,7,23.686,
,8,27.118,
,9,32.345,
,10,26.388,
SWC_7_ab_1,1,21.917,
,2,20.848,
,3,22.538,
,4,25.238,
,5,25.55,
,6,23.778,
,7,27.275,
,8,25.003,
,9,25.552,
,10,22.908,
SWC_7_ad_1,1,24.634,
,2,24.826,
,3,23.576,
,4,30.679,
,5,25.911,
,6,24.035,
,7,22.135,
,8,25.477,
,9,25.844,
,10,26.753,
SWC_8_ab_1,1,26.311,
,2,27.278,
,3,25.08,
,4,24.69,
,5,26.319,
,6,27.141,
,7,23.41,
,8,20.4,
,9,24.788,
,10,25.871,
SWC_8_ad_1,1,27.235,
,2,24.666,
,3,25.979,
,4,32.173,
,5,32.164,
,6,27.206,
,7,27.4,
,8,27.14,
,9,28.072,
,10,25.887,
SWC_9_ab_1,1,27.728,
,2,29.325,
,3,26.196,
,4,22.091,
,5,23.715,
,6,25.762,
,7,22.113,
,8,22.598,
,9,25.908,
,10,22.688,
SWC_9_ad_1,1,24.003,
,2,28.802,
,3,30.132,
,4,28.993,
,5,28.778,
,6,30.634,
,7,28.092,
,8,29.221,
,9,27.821,
,10,26.402,
TOR_1_ab_1,1,29.271,
,2,29.991,
,3,28.587,
,4,28.001,
,5,30.14,
,6,26.811,
,7,29.639,
,8,26.57,
,9,24.015,
,10,25.849,
TOR_1_ad_1,1,27.012,
,2,25.315,
,3,24.752,
,4,27.341,
,5,23.156,
,6,26.9,
,7,23.163,
,8,22.381,
,9,26.427,
,10,26.542,
TOR_10_ab_1,1,32.174,
,2,25.118,
,3,29.655,
,4,36.125,
,5,25.601,
,6,28.977,
,7,25.213,
,8,30.371,
,9,30.385,
,10,25.938,
TOR_10_ad_1,1,26.661,
,2,29.167,
,3,26.123,
,4,24.97,
,5,24.934,
,6,26.279,
,7,28.558,
,8,24.881,
,9,23.337,
,10,24.802,
TOR_11_ab_1,1,1986,
,2,24.292,
,3,23.34,
,4,23.559,
,5,20.374,
,6,21.553,
,7,18.676,
,8,23.016,
,9,21.992,
,10,23.06,
TOR_11_ad_1,1,24.646,
,2,27.181,
,3,24.356,
,4,21.691,
,5,24.549,
,6,21.675,
,7,25.313,
,8,22.557,
,9,26.057,
,10,22.992,
TOR_12_ab_1,1,28.004,
,2,28.359,
,3,27.969,
,4,25.546,
,5,25.712,
,6,26.501,
,7,28.523,
,8,26.667,
,9,28.02,
,10,24.44,
TOR_12_ad_1,1,24.626,
,2,27.014,
,3,29.257,
,4,23.108,
,5,24.943,
,6,25.068,
,7,26.78,
,8,26.359,
,9,24.042,
,10,29.522,
TOR_13_ab_1,1,24.326,
,2,25.567,
,3,34.676,
,4,30.053,
,5,26.509,
,6,29.768,
,7,28.636,
,8,31.321,
,9,34.623,
,10,29.617,
TOR_13_ad_1,1,11.219,
,2,11.511,
,3,13.077,
,4,13.509,
,5,14.522,
,6,13.362,
,7,13.104,
,8,12.167,
,9,11.122,
,10,12.799,
TOR_14_ab_1,1,22.522,
,2,18.956,
,3,27.272,
,4,21.887,
,5,24.734,
,6,24.005,
,7,20.616,
,8,21.639,
,9,24.947,
,10,27.958,
TOR_14_ad_1,1,23.873,
,2,21.869,
,3,22.54,
,4,21.965,
,5,23.591,
,6,21.613,
,7,20.697,
,8,23.868,
,9,22.164,
,10,22.742,
TOR_15_ab_1,1,24.072,
,2,27.104,
,3,24.921,
,4,24.545,
,5,28.082,
,6,26.308,
,7,27.507,
,8,25.742,
,9,26.409,
,10,25.573,
TOR_15_ad_1,1,23.972,
,2,26.661,
,3,23.309,
,4,26.575,
,5,25.675,
,6,26.012,
,7,23.702,
,8,23.259,
,9,23.478,
,10,27.272,
TOR_2_ab_1,1,25.924,
,2,26.089,
,3,26.409,
,4,24.546,
,5,26.79,
,6,23.003,
,7,23.716,
,8,26.184,
,9,23.81,
,10,25.516,
TOR_2_ad_1,1,22.969,
,2,23.904,
,3,25.372,
,4,22.586,
,5,23.857,
,6,22.573,
,7,20.492,
,8,20.729,
,9,21.974,
,10,22.715,
TOR_3_ab_1,1,24.445,
,2,23.353,
,3,28.827,
,4,23.734,
,5,25.754,
,6,29.453,
,7,24.659,
,8,26.86,
,9,25.206,
,10,27.58,
TOR_3_ad_1,1,23.418,
,2,24.101,
,3,22.389,
,4,23.47,
,5,23.983,
,6,23.222,
,7,24.488,
,8,24.919,
,9,25.786,
,10,21.274,
TOR_4_ab_1,1,26.646,
,2,26.123,
,3,25.006,
,4,26.8,
,5,29.93,
,6,24.518,
,7,31.141,
,8,24.298,
,9,23.086,
,10,26.639,
TOR_4_ad_1,1,24.72,
,2,23.418,
,3,24.379,
,4,28.419,
,5,26.036,
,6,25.919,
,7,24.813,
,8,28.081,
,9,22.996,
,10,23.732,
TOR_5_ab_1,1,26.399,
,2,24.71,
,3,22.194,
,4,25.739,
,5,24.048,
,6,27.97,
,7,21.064,
,8,25.012,
,9,23.786,
,10,21.801,
TOR_5_ad_1,1,26.101,
,2,23.202,
,3,27.602,
,4,23.907,
,5,23.514,
,6,24.035,
,7,22.03,
,8,20.946,
,9,22.015,
,10,27.123,
TOR_6_ab_1,1,24.202,
,2,24.604,
,3,28.872,
,4,22.856,
,5,28.654,
,6,28.469,
,7,27.11,
,8,26.063,
,9,25.622,
,10,27.903,
TOR_6_ad_1,1,25.224,
,2,27.586,
,3,27.23,
,4,28.56,
,5,24.32,
,6,27.153,
,7,23.614,
,8,26.072,
,9,26.846,
,10,25.775,
TOR_7_ab_1,1,23.995,
,2,24.029,
,3,23.317,
,4,21.352,
,5,24.539,
,6,27.068,
,7,23.458,
,8,22.841,
,9,23.125,
,10,23.209,
TOR_7_ad_1,1,24.292,
,2,23.16,
,3,21.356,
,4,26.5,
,5,25.945,
,6,25.868,
,7,22.946,
,8,23.286,
,9,20.722,
,10,23.454,
TOR_8_ab_1,1,24.381,
,2,26.105,
,3,23.887,
,4,25.644,
,5,24.862,
,6,27.908,
,7,24.22,
,8,28.18,
,9,28.018,
,10,26.858,
TOR_8_ad_1,1,25.535,
,2,25.487,
,3,27.596,
,4,26.629,
,5,27.365,
,6,26.594,
,7,27.403,
,8,27.182,
,9,27.407,
,10,28.503,
TOR_9_ab_1,1,25.812,
,2,17.555,
,3,21.469,
,4,22.511,
,5,24.017,
,6,22.117,
,7,24.1,
,8,24.328,
,9,23.702,
,10,20.723,
TOR_9_ad_1,1,22.014,
,2,27.851,
,3,22.4,
,4,23.664,
,5,24.674,
,6,20.83,
,7,23.808,
,8,23.147,
,9,22.588,
,10,23.883,
